PaymentID,OrderID,PaymentDate,PaymentMethod,Amount,Currency,PaymentStatus,TransactionRef
1,1001,2023-01-15T10:35:00,CreditCard,1379.97,USD,Completed,TXN-2023-0001
2,1002,2023-01-20T14:20:00,DebitCard,299.96,USD,Completed,TXN-2023-0002
3,1003,2023-02-05T09:05:00,CreditCard,139.97,USD,Completed,TXN-2023-0003
4,1004,2023-02-14T11:50:00,DigitalWallet,169.93,USD,Completed,TXN-2023-0004
5,1005,2023-03-01T16:25:00,CreditCard,1774.98,USD,Completed,TXN-2023-0005
6,1006,2023-03-18T13:05:00,Cash,199.97,USD,Completed,TXN-2023-0006
7,1007,2023-04-02T08:35:00,CreditCard,1079.98,USD,Completed,TXN-2023-0007
8,1008,2023-04-15T19:05:00,DigitalWallet,482.48,USD,Completed,TXN-2023-0008
9,1009,2023-05-10T12:20:00,CreditCard,989.98,USD,Completed,TXN-2023-0009
10,1010,2023-05-28T15:35:00,DebitCard,239.94,USD,Completed,TXN-2023-0010
11,1011,2023-06-12T10:05:00,CreditCard,1314.97,USD,Completed,TXN-2023-0011
12,1012,2023-06-25T17:50:00,DigitalWallet,186.89,USD,Completed,TXN-2023-0012
13,1013,2023-07-04T09:35:00,Cash,184.96,USD,Completed,TXN-2023-0013
14,1014,2023-07-20T14:05:00,CreditCard,94.98,USD,Completed,TXN-2023-0014
15,1015,2023-08-08T11:20:00,DebitCard,139.96,USD,Completed,TXN-2023-0015
16,1016,2023-08-22T16:35:00,CreditCard,1449.98,USD,Completed,TXN-2023-0016
17,1017,2023-09-05T10:05:00,DigitalWallet,317.96,USD,Completed,TXN-2023-0017
18,1018,2023-09-18T13:50:00,CreditCard,189.96,USD,Completed,TXN-2023-0018
19,1019,2023-10-01T08:05:00,CreditCard,99.98,USD,Completed,TXN-2023-0019
20,1020,2023-10-15T11:35:00,BankTransfer,484.98,USD,Completed,TXN-2023-0020
21,1021,2023-11-10T14:20:00,DebitCard,239.96,USD,Completed,TXN-2023-0021
22,1022,2023-11-24T09:05:00,CreditCard,1444.97,USD,Completed,TXN-2023-0022
23,1023,2023-12-10T18:35:00,DigitalWallet,70.95,USD,Completed,TXN-2023-0023
24,1024,2023-12-22T12:05:00,Cash,189.96,USD,Completed,TXN-2023-0024
25,1025,2024-01-08T10:35:00,CreditCard,1424.98,USD,Completed,TXN-2024-0025
26,1026,2024-01-20T15:05:00,DebitCard,74.97,USD,Completed,TXN-2024-0026
27,1027,2024-02-12T09:20:00,CreditCard,291.97,USD,Completed,TXN-2024-0027
28,1028,2024-02-28T14:35:00,DigitalWallet,109.94,USD,Completed,TXN-2024-0028
29,1029,2024-03-15T11:05:00,CreditCard,362.43,USD,Completed,TXN-2024-0029
30,1030,2024-03-30T17:05:00,BankTransfer,144.97,USD,Completed,TXN-2024-0030
31,1031,2024-04-10T10:50:00,CreditCard,889.98,USD,Completed,TXN-2024-0031
32,1032,2024-04-25T13:35:00,DigitalWallet,154.96,USD,Completed,TXN-2024-0032
33,1033,2024-05-08T16:20:00,DebitCard,235.44,USD,Completed,TXN-2024-0033
34,1034,2024-05-22T08:50:00,CreditCard,294.96,USD,Completed,TXN-2024-0034
35,1035,2024-06-05T12:35:00,Cash,104.97,USD,Completed,TXN-2024-0035
36,1036,2024-06-18T15:50:00,CreditCard,1369.98,USD,Completed,TXN-2024-0036
37,1037,2024-07-02T09:05:00,DebitCard,320.95,USD,Completed,TXN-2024-0037
38,1038,2024-07-20T14:20:00,DigitalWallet,89.97,USD,Completed,TXN-2024-0038
39,1039,2024-08-05T11:35:00,CreditCard,412.47,USD,Completed,TXN-2024-0039
40,1040,2024-08-18T16:05:00,Cash,239.95,USD,Completed,TXN-2024-0040
41,1041,2024-09-01T10:05:00,CreditCard,2234.98,USD,Completed,TXN-2024-0041
42,1042,2024-09-15T13:35:00,DebitCard,349.95,USD,Completed,TXN-2024-0042
43,1043,2024-10-03T08:20:00,CreditCard,149.97,USD,Pending,TXN-2024-0043
44,1044,2024-10-18T17:35:00,BankTransfer,789.97,USD,Pending,TXN-2024-0044
45,1045,2024-11-01T12:05:00,CreditCard,203.96,USD,Pending,TXN-2024-0045
46,1046,2024-11-15T09:50:00,DigitalWallet,139.97,USD,Pending,TXN-2024-0046
47,1047,2024-12-01T14:35:00,DebitCard,129.97,USD,Pending,TXN-2024-0047
48,1048,2024-12-10T11:05:00,CreditCard,1424.98,USD,Refunded,TXN-2024-0048
49,1049,2025-01-05T10:35:00,Cash,149.99,USD,Pending,TXN-2025-0049
50,1050,2025-01-20T15:20:00,CreditCard,412.47,USD,Pending,TXN-2025-0050
51,1051,2025-02-05T09:20:00,CreditCard,549.98,USD,Completed,TXN-2025-0051
52,1052,2025-02-10T14:35:00,DebitCard,134.97,USD,Completed,TXN-2025-0052
53,1053,2025-02-18T11:05:00,CreditCard,1389.96,USD,Completed,TXN-2025-0053
54,1054,2025-02-25T16:50:00,DigitalWallet,183.47,USD,Completed,TXN-2025-0054
55,1055,2025-03-02T10:25:00,CreditCard,829.96,USD,Completed,TXN-2025-0055
56,1056,2025-03-10T13:05:00,Cash,183.88,USD,Completed,TXN-2025-0056
57,1057,2025-03-18T09:50:00,CreditCard,649.98,USD,Completed,TXN-2025-0057
58,1058,2025-03-25T15:35:00,DebitCard,80.95,USD,Completed,TXN-2025-0058
59,1059,2025-04-01T11:20:00,BankTransfer,1999.97,USD,Completed,TXN-2025-0059
60,1060,2025-04-08T14:05:00,DigitalWallet,224.94,USD,Completed,TXN-2025-0060
61,1061,2025-04-15T10:35:00,CreditCard,565.97,USD,Completed,TXN-2025-0061
62,1062,2025-04-22T16:05:00,DebitCard,188.20,USD,Completed,TXN-2025-0062
63,1063,2025-05-01T09:05:00,CreditCard,919.96,USD,Completed,TXN-2025-0063
64,1064,2025-05-10T13:50:00,Cash,261.95,USD,Completed,TXN-2025-0064
65,1065,2025-05-18T11:35:00,CreditCard,216.97,USD,Completed,TXN-2025-0065
66,1066,2025-06-02T10:05:00,DebitCard,549.98,USD,Completed,TXN-2025-0066
67,1067,2025-06-10T14:20:00,CreditCard,129.48,USD,Completed,TXN-2025-0067
68,1068,2025-06-18T09:35:00,DigitalWallet,2234.98,USD,Completed,TXN-2025-0068
69,1069,2025-06-25T15:05:00,CreditCard,250.96,USD,Completed,TXN-2025-0069
70,1070,2025-07-02T11:50:00,BankTransfer,329.97,USD,Completed,TXN-2025-0070
71,1071,2025-07-10T10:20:00,CreditCard,907.98,USD,Completed,TXN-2025-0071
72,1072,2025-07-18T14:35:00,DigitalWallet,225.95,USD,Pending,TXN-2025-0072
73,1073,2025-07-25T09:05:00,DebitCard,670.84,USD,Pending,TXN-2025-0073
74,1074,2025-08-01T16:20:00,CreditCard,159.97,USD,Pending,TXN-2025-0074
75,1075,2025-08-08T11:05:00,Cash,1134.94,USD,Pending,TXN-2025-0075
